{
    "resources": [
        {
            "name": "controller/Menu.controller.js"
        },
        {
            "name": "i18n/i18n_es.properties",
            "raw": "i18n/i18n.properties",
            "locale": "_es"
        },
        {
            "name": "manifest.json"
        },
        {
            "name": "model/models.js"
        },
        {
            "name": "controller/VerEmpleado.controller.js"
        },
        {
            "name": "i18n/i18n.properties",
            "raw": "i18n/i18n.properties"
        },
        {
            "name": "controller/CrearEmpleado.controller.js"
        },
        {
            "name": "controller/App.controller.js"
        },
        {
            "name": "Component.js"
        },
        {
            "name": "manifest-bundle.zip"
        },
        {
            "name": "Component-preload.js",
            "merged": true
        },
        {
            "name": "model/models-dbg.js",
            "isDebug": true
        },
        {
            "name": "controller/VerEmpleado-dbg.controller.js",
            "isDebug": true
        },
        {
            "name": "controller/Menu-dbg.controller.js",
            "isDebug": true
        },
        {
            "name": "controller/CrearEmpleado-dbg.controller.js",
            "isDebug": true
        },
        {
            "name": "controller/App-dbg.controller.js",
            "isDebug": true
        },
        {
            "name": "Component-dbg.js",
            "isDebug": true
        },
        {
            "name": "../../sap-ui-version.json"
        },
        {
            "name": "view/VerEmpleado.view.xml"
        },
        {
            "name": "view/Menu.view.xml"
        },
        {
            "name": "view/CrearEmpleado.view.xml"
        },
        {
            "name": "view/App.view.xml"
        },
        {
            "name": "fragment/Wizard.fragment.xml"
        },
        {
            "name": "fragment/Resumen.fragment.xml"
        },
        {
            "name": "fragment/Ascenso.fragment.xml"
        },
        {
            "name": "css/style.css"
        },
        {
            "name": "index.html"
        }
    ]
}