{
  "controller/Menu-dbg.controller.js": 1622908741180,
  "i18n/i18n_es.properties": 1622404399796,
  "manifest.json": 1622910552527,
  "model/models.js": 1621630314622,
  "controller/VerEmpleado.controller.js": 1622910393537,
  "controller/Menu.controller.js": 1622908741180,
  "controller/CrearEmpleado.controller.js": 1622332137546,
  "controller/App.controller.js": 1621718855871,
  "Component.js": 1621711399782,
  "manifest-bundle.zip": 1622910551987,
  "Component-preload.js": 1622910552442,
  "model/models-dbg.js": 1621630314622,
  "controller/VerEmpleado-dbg.controller.js": 1622910393537,
  "i18n/i18n.properties": 1622404351912,
  "controller/CrearEmpleado-dbg.controller.js": 1622332137546,
  "controller/App-dbg.controller.js": 1621718855871,
  "Component-dbg.js": 1621711399782,
  "resources.json": 1622910552531,
  "view/VerEmpleado.view.xml": 1622910286833,
  "view/Menu.view.xml": 1622908741188,
  "view/CrearEmpleado.view.xml": 1621808733710,
  "view/App.view.xml": 1621723667404,
  "fragment/Wizard.fragment.xml": 1622909505410,
  "fragment/Resumen.fragment.xml": 1621808319459,
  "fragment/Ascenso.fragment.xml": 1622408276396,
  "css/style.css": 1621630314622,
  "index.html": 1621630314622
}